dataset,metric,Seq2Seq,MLP,LightGBM,Linear Regression,Persistence
gene,mae,0.7299490896746337,0.7299490896746337,0.8209942683708282,0.841332715085354,0.9953142293401905
gene,rmse,1.2918968704150449,1.2918968704150449,1.3337560891982014,1.521748249160741,1.6622467374475698
gene,ndcg,0.44835543717483367,0.44835543717483367,0.6096930177727906,0.27832640637405115,0.43682902822305286
transplant,mae,0.7718043551135649,0.7718043551135649,0.820901655306564,0.8308358387334762,0.9809174394788711
transplant,rmse,1.2752554128409044,1.2752554128409044,1.3020615560087556,1.3109310386248048,1.6180250936731273
transplant,ndcg,0.48122490028670706,0.48122490028670706,0.5630817064248428,0.38689913510732726,0.08145837273935752
